event_id,event_type,merchant_id,merchant_name,customer_id,customer_phone,customer_name,amount_paise,currency,created_at,mandate_id,cycle,original_failure_code,original_failure_desc,cart_id,cart_value_paise,time_since_abandonment_minutes,return_visit_signal,discount_eligible,ground_truth_recoverable,ground_truth_class
EVT_0001,failed_payment,merchant_002,Spotify,cust_018,+917440213415,Customer 1,19900,INR,2026-09-01T19:09:37.509076+00:00,mandate_044,12,BAD_REQUEST,Insufficient funds in customer account,,,,False,False,False,funds
EVT_0002,failed_payment,merchant_001,Netflix India,cust_012,+917939042955,Customer 2,499900,INR,2026-09-01T19:09:37.509076+00:00,mandate_015,9,BAD_REQUEST,Insufficient funds in customer account,,,,False,False,True,funds
EVT_0003,failed_payment,merchant_005,GymFlex,cust_029,+918929338154,Customer 3,499900,INR,2026-09-01T19:09:37.509076+00:00,mandate_038,5,BAD_REQUEST,Insufficient funds in customer account,,,,False,False,True,funds
EVT_0004,failed_payment,merchant_003,Hotstar,cust_020,+917924765563,Customer 4,19900,INR,2026-09-01T19:09:37.509076+00:00,mandate_049,6,BAD_REQUEST,Insufficient funds in customer account,,,,False,False,False,funds
EVT_0005,failed_payment,merchant_003,Hotstar,cust_078,+918136108454,Customer 5,19900,INR,2026-09-01T19:09:37.509076+00:00,mandate_003,12,BAD_REQUEST,Insufficient funds in customer account,,,,False,False,True,funds
EVT_0006,failed_payment,merchant_004,Netflix India,cust_071,+918259191105,Customer 6,199900,INR,2026-09-01T19:09:37.509076+00:00,mandate_041,10,BAD_REQUEST,Insufficient funds in customer account,,,,False,False,True,funds
EVT_0007,failed_payment,merchant_001,Netflix India,cust_085,+917978815630,Customer 7,99900,INR,2026-09-01T19:09:37.509076+00:00,mandate_050,5,BAD_REQUEST,Insufficient funds in customer account,,,,False,False,True,funds
EVT_0008,failed_payment,merchant_004,Hotstar,cust_059,+919730243887,Customer 8,19900,INR,2026-09-01T19:09:37.509076+00:00,mandate_024,3,BAD_REQUEST,Insufficient funds in customer account,,,,False,False,False,funds
EVT_0009,failed_payment,merchant_003,Netflix India,cust_078,+919727210979,Customer 9,99900,INR,2026-09-01T19:09:37.509076+00:00,mandate_011,9,BAD_REQUEST,Insufficient funds in customer account,,,,False,False,True,funds
EVT_0010,failed_payment,merchant_003,EMI Card,cust_029,+919940395823,Customer 10,49900,INR,2026-09-01T19:09:37.509076+00:00,mandate_021,1,BAD_REQUEST,Insufficient funds in customer account,,,,False,False,True,funds
EVT_0011,failed_payment,merchant_004,Hotstar,cust_009,+917906164396,Customer 11,49900,INR,2026-09-01T19:09:37.509076+00:00,mandate_037,12,BAD_REQUEST,Insufficient funds in customer account,,,,False,False,False,funds
EVT_0012,failed_payment,merchant_004,GymFlex,cust_019,+918137651678,Customer 12,99900,INR,2026-09-01T19:09:37.509076+00:00,mandate_009,4,BAD_REQUEST,Insufficient funds in customer account,,,,False,False,False,funds
EVT_0013,failed_payment,merchant_005,GymFlex,cust_075,+918715412119,Customer 13,499900,INR,2026-09-01T19:09:37.509076+00:00,mandate_024,4,BAD_REQUEST,Insufficient funds in customer account,,,,False,False,True,funds
EVT_0014,failed_payment,merchant_001,Netflix India,cust_020,+919694860228,Customer 14,49900,INR,2026-09-01T19:09:37.509076+00:00,mandate_011,11,BAD_REQUEST,Insufficient funds in customer account,,,,False,False,True,funds
EVT_0015,failed_payment,merchant_004,EMI Card,cust_060,+919272528809,Customer 15,199900,INR,2026-09-01T19:09:37.509076+00:00,mandate_017,9,BAD_REQUEST,Insufficient funds in customer account,,,,False,False,True,funds
EVT_0016,failed_payment,merchant_005,Hotstar,cust_099,+919752909971,Customer 16,19900,INR,2026-09-01T19:09:37.509076+00:00,mandate_022,2,BAD_REQUEST,Insufficient funds in customer account,,,,False,False,False,funds
EVT_0017,failed_payment,merchant_001,Hotstar,cust_065,+917767303988,Customer 17,99900,INR,2026-09-01T19:09:37.509076+00:00,mandate_033,2,BAD_REQUEST,Insufficient funds in customer account,,,,False,False,True,funds
EVT_0018,failed_payment,merchant_002,Hotstar,cust_098,+917693847829,Customer 18,99900,INR,2026-09-01T19:09:37.509076+00:00,mandate_035,9,BAD_REQUEST,Insufficient funds in customer account,,,,False,False,False,funds
EVT_0019,failed_payment,merchant_001,Netflix India,cust_047,+918320763135,Customer 19,19900,INR,2026-09-01T19:09:37.509076+00:00,mandate_016,1,BAD_REQUEST,Insufficient funds in customer account,,,,False,False,True,funds
EVT_0020,failed_payment,merchant_001,GymFlex,cust_009,+919287955558,Customer 20,49900,INR,2026-09-01T19:09:37.509076+00:00,mandate_050,3,BAD_REQUEST,Insufficient funds in customer account,,,,False,False,False,funds
EVT_0021,failed_payment,merchant_002,Hotstar,cust_068,+919605301030,Customer 21,49900,INR,2026-09-01T19:09:37.509076+00:00,mandate_028,4,BAD_REQUEST,Insufficient funds in customer account,,,,False,False,False,funds
EVT_0022,failed_payment,merchant_004,Hotstar,cust_057,+919222971316,Customer 22,499900,INR,2026-09-01T19:09:37.509076+00:00,mandate_029,2,BAD_REQUEST,Insufficient funds in customer account,,,,False,False,False,funds
EVT_0023,failed_payment,merchant_001,EMI Card,cust_071,+917988335251,Customer 23,49900,INR,2026-09-01T19:09:37.509076+00:00,mandate_038,4,BAD_REQUEST,Insufficient funds in customer account,,,,False,False,True,funds
EVT_0024,failed_payment,merchant_001,Spotify,cust_009,+917134917627,Customer 24,19900,INR,2026-09-01T19:09:37.509076+00:00,mandate_022,2,BAD_REQUEST,Insufficient funds in customer account,,,,False,False,False,funds
EVT_0025,failed_payment,merchant_004,Spotify,cust_070,+917568275055,Customer 25,499900,INR,2026-09-01T19:09:37.509076+00:00,mandate_047,10,BAD_REQUEST,Insufficient funds in customer account,,,,False,False,True,funds
EVT_0026,failed_payment,merchant_004,GymFlex,cust_025,+917405126228,Customer 26,499900,INR,2026-09-01T19:09:37.509076+00:00,mandate_007,11,BAD_REQUEST,Insufficient funds in customer account,,,,False,False,True,funds
EVT_0027,failed_payment,merchant_004,Netflix India,cust_087,+919806569935,Customer 27,199900,INR,2026-09-01T19:09:37.509076+00:00,mandate_042,2,BAD_REQUEST,Insufficient funds in customer account,,,,False,False,True,funds
EVT_0028,failed_payment,merchant_001,Spotify,cust_025,+917816941039,Customer 28,19900,INR,2026-09-01T19:09:37.509076+00:00,mandate_035,8,BAD_REQUEST,Insufficient funds in customer account,,,,False,False,False,funds
EVT_0029,failed_payment,merchant_004,Spotify,cust_010,+918903232052,Customer 29,49900,INR,2026-09-01T19:09:37.509076+00:00,mandate_036,2,BAD_REQUEST,Insufficient funds in customer account,,,,False,False,True,funds
EVT_0030,failed_payment,merchant_001,Spotify,cust_022,+918745535098,Customer 30,19900,INR,2026-09-01T19:09:37.509076+00:00,mandate_032,8,BAD_REQUEST,Insufficient funds in customer account,,,,False,False,False,funds
EVT_0031,failed_payment,merchant_002,GymFlex,cust_001,+918676848676,Customer 31,49900,INR,2026-09-01T19:09:37.509076+00:00,mandate_017,8,BAD_REQUEST,Insufficient funds in customer account,,,,False,False,False,funds
EVT_0032,failed_payment,merchant_005,GymFlex,cust_020,+917815605132,Customer 32,99900,INR,2026-09-01T19:09:37.509076+00:00,mandate_019,4,BAD_REQUEST,Insufficient funds in customer account,,,,False,False,False,funds
EVT_0033,failed_payment,merchant_001,Hotstar,cust_008,+917215359682,Customer 33,19900,INR,2026-09-01T19:09:37.509076+00:00,mandate_038,8,BAD_REQUEST,Insufficient funds in customer account,,,,False,False,False,funds
EVT_0034,failed_payment,merchant_005,Netflix India,cust_024,+917294296873,Customer 34,499900,INR,2026-09-01T19:09:37.509076+00:00,mandate_039,2,BAD_REQUEST,Insufficient funds in customer account,,,,False,False,True,funds
EVT_0035,failed_payment,merchant_005,Spotify,cust_075,+919553440342,Customer 35,49900,INR,2026-09-01T19:09:37.509076+00:00,mandate_003,10,BAD_REQUEST,Insufficient funds in customer account,,,,False,False,True,funds
EVT_0036,failed_payment,merchant_005,EMI Card,cust_041,+918119980130,Customer 36,19900,INR,2026-09-01T19:09:37.509076+00:00,mandate_014,11,BAD_REQUEST,Insufficient funds in customer account,,,,False,False,False,funds
EVT_0037,failed_payment,merchant_002,Hotstar,cust_059,+918357970698,Customer 37,99900,INR,2026-09-01T19:09:37.509076+00:00,mandate_049,2,BAD_REQUEST,Insufficient funds in customer account,,,,False,False,True,funds
EVT_0038,failed_payment,merchant_005,Netflix India,cust_010,+919309122187,Customer 38,19900,INR,2026-09-01T19:09:37.509076+00:00,mandate_014,9,BAD_REQUEST,Insufficient funds in customer account,,,,False,False,False,funds
EVT_0039,failed_payment,merchant_001,Spotify,cust_048,+918224011538,Customer 39,99900,INR,2026-09-01T19:09:37.509076+00:00,mandate_011,8,BAD_REQUEST,Insufficient funds in customer account,,,,False,False,False,funds
EVT_0040,failed_payment,merchant_005,Netflix India,cust_086,+919381998678,Customer 40,499900,INR,2026-09-01T19:09:37.509076+00:00,mandate_020,11,BAD_REQUEST,Insufficient funds in customer account,,,,False,False,False,funds
EVT_0041,failed_payment,merchant_001,EMI Card,cust_020,+918169726681,Customer 41,19900,INR,2026-09-01T19:09:37.509076+00:00,mandate_019,10,BAD_REQUEST,Insufficient funds in customer account,,,,False,False,True,funds
EVT_0042,failed_payment,merchant_003,EMI Card,cust_063,+918078557553,Customer 42,49900,INR,2026-09-01T19:09:37.509076+00:00,mandate_004,2,BAD_REQUEST,Insufficient funds in customer account,,,,False,False,True,funds
EVT_0043,failed_payment,merchant_003,Spotify,cust_082,+918125089309,Customer 43,199900,INR,2026-09-01T19:09:37.509076+00:00,mandate_011,12,BAD_REQUEST,Insufficient funds in customer account,,,,False,False,True,funds
EVT_0044,failed_payment,merchant_005,Netflix India,cust_015,+917323169889,Customer 44,199900,INR,2026-09-01T19:09:37.509076+00:00,mandate_045,3,BAD_REQUEST,Insufficient funds in customer account,,,,False,False,False,funds
EVT_0045,failed_payment,merchant_005,EMI Card,cust_019,+918845919895,Customer 45,499900,INR,2026-09-01T19:09:37.509076+00:00,mandate_009,1,BAD_REQUEST,Insufficient funds in customer account,,,,False,False,False,funds
EVT_0046,failed_payment,merchant_001,Hotstar,cust_027,+919929454134,Customer 46,99900,INR,2026-09-01T19:09:37.509076+00:00,mandate_016,11,BAD_REQUEST,Payment timed out at bank gateway,,,,False,False,False,downtime
EVT_0047,failed_payment,merchant_004,EMI Card,cust_096,+917663801533,Customer 47,19900,INR,2026-09-01T19:09:37.509076+00:00,mandate_016,3,BAD_REQUEST,Payment timed out at bank gateway,,,,False,False,False,downtime
EVT_0048,failed_payment,merchant_003,GymFlex,cust_086,+918065870178,Customer 48,49900,INR,2026-09-01T19:09:37.509076+00:00,mandate_018,3,BAD_REQUEST,Payment timed out at bank gateway,,,,False,False,True,downtime
EVT_0049,failed_payment,merchant_004,Spotify,cust_026,+918976987348,Customer 49,19900,INR,2026-09-01T19:09:37.509076+00:00,mandate_023,5,BAD_REQUEST,Payment timed out at bank gateway,,,,False,False,False,downtime
EVT_0050,failed_payment,merchant_002,GymFlex,cust_043,+918196591018,Customer 50,49900,INR,2026-09-01T19:09:37.509076+00:00,mandate_005,5,BAD_REQUEST,Payment timed out at bank gateway,,,,False,False,True,downtime
EVT_0051,failed_payment,merchant_005,Hotstar,cust_004,+917495389030,Customer 51,99900,INR,2026-09-01T19:09:37.509076+00:00,mandate_017,3,BAD_REQUEST,Payment timed out at bank gateway,,,,False,False,True,downtime
EVT_0052,failed_payment,merchant_005,GymFlex,cust_045,+918347233823,Customer 52,499900,INR,2026-09-01T19:09:37.509076+00:00,mandate_028,10,BAD_REQUEST,Payment timed out at bank gateway,,,,False,False,True,downtime
EVT_0053,failed_payment,merchant_005,Spotify,cust_033,+917190638698,Customer 53,499900,INR,2026-09-01T19:09:37.509076+00:00,mandate_046,7,BAD_REQUEST,Payment timed out at bank gateway,,,,False,False,True,downtime
EVT_0054,failed_payment,merchant_005,Spotify,cust_047,+918852408227,Customer 54,19900,INR,2026-09-01T19:09:37.509076+00:00,mandate_005,11,BAD_REQUEST,Payment timed out at bank gateway,,,,False,False,False,downtime
EVT_0055,failed_payment,merchant_001,Hotstar,cust_065,+918328367510,Customer 55,99900,INR,2026-09-01T19:09:37.509076+00:00,mandate_043,7,BAD_REQUEST,Payment timed out at bank gateway,,,,False,False,True,downtime
EVT_0056,failed_payment,merchant_005,Spotify,cust_025,+918805803262,Customer 56,99900,INR,2026-09-01T19:09:37.509076+00:00,mandate_043,7,BAD_REQUEST,Payment timed out at bank gateway,,,,False,False,True,downtime
EVT_0057,failed_payment,merchant_004,EMI Card,cust_001,+918305132983,Customer 57,49900,INR,2026-09-01T19:09:37.509076+00:00,mandate_019,4,BAD_REQUEST,Payment timed out at bank gateway,,,,False,False,True,downtime
EVT_0058,failed_payment,merchant_003,GymFlex,cust_057,+918899061865,Customer 58,199900,INR,2026-09-01T19:09:37.509076+00:00,mandate_044,4,BAD_REQUEST,Payment timed out at bank gateway,,,,False,False,True,downtime
EVT_0059,failed_payment,merchant_002,Netflix India,cust_037,+919213849513,Customer 59,499900,INR,2026-09-01T19:09:37.509076+00:00,mandate_043,11,BAD_REQUEST,Payment timed out at bank gateway,,,,False,False,False,downtime
EVT_0060,failed_payment,merchant_002,Hotstar,cust_029,+917855256552,Customer 60,499900,INR,2026-09-01T19:09:37.509076+00:00,mandate_010,1,BAD_REQUEST,Payment timed out at bank gateway,,,,False,False,True,downtime
EVT_0061,failed_payment,merchant_005,Netflix India,cust_059,+918780010572,Customer 61,19900,INR,2026-09-01T19:09:37.509076+00:00,mandate_041,10,BAD_REQUEST,Payment timed out at bank gateway,,,,False,False,False,downtime
EVT_0062,failed_payment,merchant_002,Spotify,cust_084,+919953315788,Customer 62,49900,INR,2026-09-01T19:09:37.509076+00:00,mandate_001,2,BAD_REQUEST,Payment timed out at bank gateway,,,,False,False,True,downtime
EVT_0063,failed_payment,merchant_005,GymFlex,cust_007,+919394039673,Customer 63,199900,INR,2026-09-01T19:09:37.509076+00:00,mandate_016,2,BAD_REQUEST,Payment timed out at bank gateway,,,,False,False,True,downtime
EVT_0064,failed_payment,merchant_005,EMI Card,cust_077,+918362784338,Customer 64,199900,INR,2026-09-01T19:09:37.509076+00:00,mandate_049,8,BAD_REQUEST,Payment timed out at bank gateway,,,,False,False,False,downtime
EVT_0065,failed_payment,merchant_005,GymFlex,cust_021,+919038711176,Customer 65,499900,INR,2026-09-01T19:09:37.509076+00:00,mandate_029,5,BAD_REQUEST,Payment timed out at bank gateway,,,,False,False,True,downtime
EVT_0066,failed_payment,merchant_005,GymFlex,cust_081,+918027553177,Customer 66,49900,INR,2026-09-01T19:09:37.509076+00:00,mandate_018,8,BAD_REQUEST,Mandate has been revoked by customer,,,,False,False,False,mandate_dead
EVT_0067,failed_payment,merchant_003,Hotstar,cust_070,+917346078411,Customer 67,19900,INR,2026-09-01T19:09:37.509076+00:00,mandate_009,3,BAD_REQUEST,Mandate has been revoked by customer,,,,False,False,True,mandate_dead
EVT_0068,failed_payment,merchant_002,Netflix India,cust_054,+918750625978,Customer 68,49900,INR,2026-09-01T19:09:37.509076+00:00,mandate_022,9,BAD_REQUEST,Mandate has been revoked by customer,,,,False,False,False,mandate_dead
EVT_0069,failed_payment,merchant_004,GymFlex,cust_099,+919508601974,Customer 69,199900,INR,2026-09-01T19:09:37.509076+00:00,mandate_045,1,BAD_REQUEST,Mandate has been revoked by customer,,,,False,False,True,mandate_dead
EVT_0070,failed_payment,merchant_003,Hotstar,cust_097,+918674979897,Customer 70,499900,INR,2026-09-01T19:09:37.509076+00:00,mandate_027,9,BAD_REQUEST,Mandate has been revoked by customer,,,,False,False,False,mandate_dead
EVT_0071,failed_payment,merchant_004,Spotify,cust_035,+918871901278,Customer 71,499900,INR,2026-09-01T19:09:37.509076+00:00,mandate_032,1,BAD_REQUEST,Mandate has been revoked by customer,,,,False,False,False,mandate_dead
EVT_0072,failed_payment,merchant_004,Spotify,cust_060,+917548157187,Customer 72,199900,INR,2026-09-01T19:09:37.509076+00:00,mandate_040,9,BAD_REQUEST,Mandate has been revoked by customer,,,,False,False,False,mandate_dead
EVT_0073,failed_payment,merchant_001,Netflix India,cust_083,+918840877826,Customer 73,19900,INR,2026-09-01T19:09:37.509076+00:00,mandate_009,8,BAD_REQUEST,Mandate has been revoked by customer,,,,False,False,False,mandate_dead
EVT_0074,failed_payment,merchant_003,Spotify,cust_059,+918403792057,Customer 74,49900,INR,2026-09-01T19:09:37.509076+00:00,mandate_022,7,BAD_REQUEST,Mandate has been revoked by customer,,,,False,False,True,mandate_dead
EVT_0075,failed_payment,merchant_001,GymFlex,cust_003,+919316787198,Customer 75,99900,INR,2026-09-01T19:09:37.509076+00:00,mandate_004,6,BAD_REQUEST,Mandate has been revoked by customer,,,,False,False,True,mandate_dead
EVT_0076,failed_payment,merchant_001,Netflix India,cust_032,+917856247605,Customer 76,49900,INR,2026-09-01T19:09:37.509076+00:00,mandate_002,10,BAD_REQUEST,Mandate has been revoked by customer,,,,False,False,False,mandate_dead
EVT_0077,failed_payment,merchant_001,EMI Card,cust_028,+918997305752,Customer 77,49900,INR,2026-09-01T19:09:37.509076+00:00,mandate_045,5,BAD_REQUEST,Mandate has been revoked by customer,,,,False,False,True,mandate_dead
EVT_0078,failed_payment,merchant_001,Spotify,cust_040,+917464280597,Customer 78,99900,INR,2026-09-01T19:09:37.509076+00:00,mandate_038,1,BAD_REQUEST,Mandate has been revoked by customer,,,,False,False,False,mandate_dead
EVT_0079,failed_payment,merchant_004,GymFlex,cust_092,+917851819913,Customer 79,99900,INR,2026-09-01T19:09:37.509076+00:00,mandate_005,10,BAD_REQUEST,Mandate has been revoked by customer,,,,False,False,False,mandate_dead
EVT_0080,failed_payment,merchant_003,EMI Card,cust_016,+919430661792,Customer 80,49900,INR,2026-09-01T19:09:37.509076+00:00,mandate_003,6,BAD_REQUEST,Mandate has been revoked by customer,,,,False,False,False,mandate_dead
EVT_0081,failed_payment,merchant_001,EMI Card,cust_083,+918465576748,Customer 81,499900,INR,2026-09-01T19:09:37.509076+00:00,mandate_001,7,BAD_REQUEST,Card has expired,,,,False,False,False,instrument_dead
EVT_0082,failed_payment,merchant_003,GymFlex,cust_091,+917657091982,Customer 82,199900,INR,2026-09-01T19:09:37.509076+00:00,mandate_028,3,BAD_REQUEST,Card has expired,,,,False,False,False,instrument_dead
EVT_0083,failed_payment,merchant_005,GymFlex,cust_060,+918870778191,Customer 83,499900,INR,2026-09-01T19:09:37.509076+00:00,mandate_047,10,BAD_REQUEST,Card has expired,,,,False,False,False,instrument_dead
EVT_0084,failed_payment,merchant_001,Hotstar,cust_058,+918047385483,Customer 84,99900,INR,2026-09-01T19:09:37.509076+00:00,mandate_049,8,BAD_REQUEST,Card has expired,,,,False,False,False,instrument_dead
EVT_0085,failed_payment,merchant_003,Netflix India,cust_064,+918395925222,Customer 85,499900,INR,2026-09-01T19:09:37.509076+00:00,mandate_012,8,BAD_REQUEST,Card has expired,,,,False,False,False,instrument_dead
EVT_0086,failed_payment,merchant_003,Hotstar,cust_077,+918186564497,Customer 86,49900,INR,2026-09-01T19:09:37.509076+00:00,mandate_036,1,BAD_REQUEST,Card has expired,,,,False,False,False,instrument_dead
EVT_0087,failed_payment,merchant_004,GymFlex,cust_072,+918032183433,Customer 87,499900,INR,2026-09-01T19:09:37.509076+00:00,mandate_045,8,BAD_REQUEST,Card has expired,,,,False,False,True,instrument_dead
EVT_0088,failed_payment,merchant_001,Hotstar,cust_029,+918736889606,Customer 88,199900,INR,2026-09-01T19:09:37.509076+00:00,mandate_045,4,BAD_REQUEST,Card has expired,,,,False,False,False,instrument_dead
EVT_0089,failed_payment,merchant_005,EMI Card,cust_045,+918827524957,Customer 89,99900,INR,2026-09-01T19:09:37.509076+00:00,mandate_048,9,BAD_REQUEST,Card has expired,,,,False,False,False,instrument_dead
EVT_0090,failed_payment,merchant_003,Hotstar,cust_033,+917990153355,Customer 90,99900,INR,2026-09-01T19:09:37.509076+00:00,mandate_008,12,BAD_REQUEST,Card has expired,,,,False,False,False,instrument_dead
EVT_0091,failed_payment,merchant_001,EMI Card,cust_098,+919964229896,Customer 91,49900,INR,2026-09-01T19:09:37.509076+00:00,mandate_012,4,BAD_REQUEST,Payment cancelled by user,,,,False,False,False,customer_cancel
EVT_0092,failed_payment,merchant_003,EMI Card,cust_098,+919253298195,Customer 92,49900,INR,2026-09-01T19:09:37.509076+00:00,mandate_039,5,BAD_REQUEST,Payment cancelled by user,,,,False,False,False,customer_cancel
EVT_0093,failed_payment,merchant_003,Spotify,cust_047,+917770695571,Customer 93,19900,INR,2026-09-01T19:09:37.509076+00:00,mandate_020,1,BAD_REQUEST,Payment cancelled by user,,,,False,False,False,customer_cancel
EVT_0094,failed_payment,merchant_003,Netflix India,cust_007,+919376658660,Customer 94,499900,INR,2026-09-01T19:09:37.509076+00:00,mandate_019,12,BAD_REQUEST,Payment cancelled by user,,,,False,False,False,customer_cancel
EVT_0095,failed_payment,merchant_001,Netflix India,cust_074,+918221228113,Customer 95,49900,INR,2026-09-01T19:09:37.509076+00:00,mandate_031,8,BAD_REQUEST,Payment cancelled by user,,,,False,False,False,customer_cancel
EVT_0096,failed_payment,merchant_002,Netflix India,cust_033,+919051831252,Customer 96,199900,INR,2026-09-01T19:09:37.509076+00:00,mandate_008,2,BAD_REQUEST,Payment cancelled by user,,,,False,False,False,customer_cancel
EVT_0097,failed_payment,merchant_001,EMI Card,cust_081,+919948284698,Customer 97,199900,INR,2026-09-01T19:09:37.509076+00:00,mandate_004,3,BAD_REQUEST,Payment cancelled by user,,,,False,False,False,customer_cancel
EVT_0098,failed_payment,merchant_003,Netflix India,cust_032,+917508745584,Customer 98,49900,INR,2026-09-01T19:09:37.509076+00:00,mandate_036,7,BAD_REQUEST,Payment cancelled by user,,,,False,False,False,customer_cancel
EVT_0099,failed_payment,merchant_005,Spotify,cust_100,+919244431947,Customer 99,499900,INR,2026-09-01T19:09:37.509076+00:00,mandate_025,8,BAD_REQUEST,Payment cancelled by user,,,,False,False,False,customer_cancel
EVT_0100,failed_payment,merchant_005,GymFlex,cust_040,+919442244963,Customer 100,199900,INR,2026-09-01T19:09:37.509076+00:00,mandate_040,1,BAD_REQUEST,Payment cancelled by user,,,,False,False,False,customer_cancel
EVT_0101,failed_payment,merchant_002,Spotify,cust_034,+919836517266,Customer 101,499900,INR,2026-09-01T19:09:37.509076+00:00,mandate_006,3,BAD_REQUEST,Transaction flagged for risk review,,,,False,False,False,risk
EVT_0102,failed_payment,merchant_005,Netflix India,cust_021,+917011492154,Customer 102,49900,INR,2026-09-01T19:09:37.509076+00:00,mandate_027,8,BAD_REQUEST,Transaction flagged for risk review,,,,False,False,False,risk
EVT_0103,failed_payment,merchant_003,Netflix India,cust_030,+918237401063,Customer 103,499900,INR,2026-09-01T19:09:37.509076+00:00,mandate_046,5,BAD_REQUEST,Transaction flagged for risk review,,,,False,False,False,risk
EVT_0104,failed_payment,merchant_002,Hotstar,cust_081,+919533126989,Customer 104,199900,INR,2026-09-01T19:09:37.509076+00:00,mandate_043,4,BAD_REQUEST,Transaction flagged for risk review,,,,False,False,False,risk
EVT_0105,failed_payment,merchant_005,Spotify,cust_083,+917639904576,Customer 105,199900,INR,2026-09-01T19:09:37.509076+00:00,mandate_018,3,BAD_REQUEST,Transaction flagged for risk review,,,,False,False,False,risk
EVT_0106,failed_payment,merchant_002,Hotstar,cust_077,+919444725646,Customer 106,19900,INR,2026-09-01T19:09:37.509076+00:00,mandate_019,8,BAD_REQUEST,Transaction flagged for risk review,,,,False,False,False,risk
EVT_0107,failed_payment,merchant_003,GymFlex,cust_035,+919149511642,Customer 107,19900,INR,2026-09-01T19:09:37.509076+00:00,mandate_035,8,BAD_REQUEST,Transaction flagged for risk review,,,,False,False,False,risk
EVT_0108,failed_payment,merchant_005,Netflix India,cust_056,+918384360647,Customer 108,199900,INR,2026-09-01T19:09:37.509076+00:00,mandate_039,5,BAD_REQUEST,Transaction flagged for risk review,,,,False,False,False,risk
EVT_0109,failed_payment,merchant_002,EMI Card,cust_076,+917089101055,Customer 109,19900,INR,2026-09-01T19:09:37.509076+00:00,mandate_049,11,BAD_REQUEST,Daily UPI limit exceeded for customer,,,,False,False,False,limit
EVT_0110,failed_payment,merchant_001,Spotify,cust_061,+919228932714,Customer 110,99900,INR,2026-09-01T19:09:37.509076+00:00,mandate_042,8,BAD_REQUEST,Daily UPI limit exceeded for customer,,,,False,False,False,limit
EVT_0111,failed_payment,merchant_005,GymFlex,cust_082,+919111946238,Customer 111,99900,INR,2026-09-01T19:09:37.509076+00:00,mandate_006,8,BAD_REQUEST,Daily UPI limit exceeded for customer,,,,False,False,False,limit
EVT_0112,failed_payment,merchant_003,Hotstar,cust_086,+917449253056,Customer 112,99900,INR,2026-09-01T19:09:37.509076+00:00,mandate_011,6,BAD_REQUEST,Daily UPI limit exceeded for customer,,,,False,False,False,limit
EVT_0113,failed_payment,merchant_003,GymFlex,cust_098,+919362646960,Customer 113,199900,INR,2026-09-01T19:09:37.509076+00:00,mandate_003,8,BAD_REQUEST,Daily UPI limit exceeded for customer,,,,False,False,False,limit
EVT_0114,failed_payment,merchant_003,Hotstar,cust_015,+918735918651,Customer 114,19900,INR,2026-09-01T19:09:37.509076+00:00,mandate_033,1,BAD_REQUEST,Daily UPI limit exceeded for customer,,,,False,False,False,limit
EVT_0115,failed_payment,merchant_004,Netflix India,cust_025,+919226680251,Customer 115,499900,INR,2026-09-01T19:09:37.509076+00:00,mandate_024,10,BAD_REQUEST,Daily UPI limit exceeded for customer,,,,False,False,False,limit
EVT_0116,checkout_abandoned,merchant_001,Amazon,cust_035,+919358880404,Customer 116,599900,INR,2026-09-01T19:09:37.509076+00:00,,,,,cart_116,599900,1285,False,True,False,abandoned
EVT_0117,checkout_abandoned,merchant_004,Myntra,cust_004,+919705925058,Customer 117,299900,INR,2026-09-01T19:09:37.509076+00:00,,,,,cart_117,299900,902,False,False,False,abandoned
EVT_0118,checkout_abandoned,merchant_001,Nykaa,cust_012,+917965081954,Customer 118,149900,INR,2026-09-01T19:09:37.509076+00:00,,,,,cart_118,149900,329,False,False,False,abandoned
EVT_0119,checkout_abandoned,merchant_002,Nykaa,cust_092,+918253535854,Customer 119,99900,INR,2026-09-01T19:09:37.509076+00:00,,,,,cart_119,99900,950,False,False,False,abandoned
EVT_0120,checkout_abandoned,merchant_004,Amazon,cust_059,+919367665472,Customer 120,299900,INR,2026-09-01T19:09:37.509076+00:00,,,,,cart_120,299900,855,False,True,False,abandoned
EVT_0121,checkout_abandoned,merchant_002,Myntra,cust_036,+918782164134,Customer 121,149900,INR,2026-09-01T19:09:37.509076+00:00,,,,,cart_121,149900,1232,False,True,False,abandoned
EVT_0122,checkout_abandoned,merchant_003,Nykaa,cust_020,+918917906456,Customer 122,299900,INR,2026-09-01T19:09:37.509076+00:00,,,,,cart_122,299900,10,True,False,True,abandoned
EVT_0123,checkout_abandoned,merchant_005,Nykaa,cust_059,+918382023198,Customer 123,299900,INR,2026-09-01T19:09:37.509076+00:00,,,,,cart_123,299900,685,False,False,False,abandoned
EVT_0124,checkout_abandoned,merchant_004,Myntra,cust_041,+919031417512,Customer 124,149900,INR,2026-09-01T19:09:37.509076+00:00,,,,,cart_124,149900,1176,False,False,False,abandoned
EVT_0125,checkout_abandoned,merchant_002,Nykaa,cust_005,+917542223599,Customer 125,599900,INR,2026-09-01T19:09:37.509076+00:00,,,,,cart_125,599900,795,False,False,False,abandoned
EVT_0126,checkout_abandoned,merchant_004,Myntra,cust_068,+918962491159,Customer 126,299900,INR,2026-09-01T19:09:37.509076+00:00,,,,,cart_126,299900,210,False,True,False,abandoned
EVT_0127,checkout_abandoned,merchant_002,Myntra,cust_061,+918138264176,Customer 127,149900,INR,2026-09-01T19:09:37.509076+00:00,,,,,cart_127,149900,844,False,True,False,abandoned
EVT_0128,checkout_abandoned,merchant_003,Nykaa,cust_041,+919692081959,Customer 128,599900,INR,2026-09-01T19:09:37.509076+00:00,,,,,cart_128,599900,1335,True,False,False,abandoned
EVT_0129,checkout_abandoned,merchant_001,Amazon,cust_081,+919939473765,Customer 129,599900,INR,2026-09-01T19:09:37.509076+00:00,,,,,cart_129,599900,1113,True,False,False,abandoned
EVT_0130,checkout_abandoned,merchant_001,Myntra,cust_057,+917714531298,Customer 130,149900,INR,2026-09-01T19:09:37.509076+00:00,,,,,cart_130,149900,190,False,False,False,abandoned
EVT_0131,checkout_abandoned,merchant_001,Flipkart,cust_046,+918609930218,Customer 131,99900,INR,2026-09-01T19:09:37.509076+00:00,,,,,cart_131,99900,99,False,True,False,abandoned
EVT_0132,checkout_abandoned,merchant_002,Amazon,cust_023,+917339166473,Customer 132,149900,INR,2026-09-01T19:09:37.509076+00:00,,,,,cart_132,149900,1092,False,False,False,abandoned
EVT_0133,checkout_abandoned,merchant_004,Amazon,cust_030,+918980623803,Customer 133,599900,INR,2026-09-01T19:09:37.509076+00:00,,,,,cart_133,599900,1274,False,False,False,abandoned
EVT_0134,checkout_abandoned,merchant_004,Flipkart,cust_087,+919347621138,Customer 134,599900,INR,2026-09-01T19:09:37.509076+00:00,,,,,cart_134,599900,527,False,True,False,abandoned
EVT_0135,checkout_abandoned,merchant_003,Nykaa,cust_089,+918074163698,Customer 135,599900,INR,2026-09-01T19:09:37.509076+00:00,,,,,cart_135,599900,712,False,True,False,abandoned
EVT_0136,failed_payment,merchant_004,GymFlex,cust_014,+918018790736,Customer 136,99900,INR,2026-09-01T19:09:37.509076+00:00,mandate_025,10,BAD_REQUEST,DEEMED_APPROVAL_FAILED at issuer end,,,,False,False,False,downtime
EVT_0137,failed_payment,merchant_003,Netflix India,cust_085,+918699972733,Customer 137,499900,INR,2026-09-01T19:09:37.509076+00:00,mandate_018,1,BAD_REQUEST,Customer bank not responding to debit request,,,,False,False,False,limit
EVT_0138,failed_payment,merchant_004,Hotstar,cust_100,+917988350974,Customer 138,19900,INR,2026-09-01T19:09:37.509076+00:00,mandate_039,6,BAD_REQUEST,RBI mandate validation failed,,,,False,False,False,funds
EVT_0139,failed_payment,merchant_003,Spotify,cust_081,+917417315900,Customer 139,49900,INR,2026-09-01T19:09:37.509076+00:00,mandate_041,11,BAD_REQUEST,RBI mandate validation failed,,,,False,False,False,funds
EVT_0140,failed_payment,merchant_001,EMI Card,cust_047,+917564409423,Customer 140,99900,INR,2026-09-01T19:09:37.510076+00:00,mandate_006,5,BAD_REQUEST,Technical decline from acquiring bank,,,,False,False,False,downtime
EVT_0141,failed_payment,merchant_002,Spotify,cust_070,+918571346130,Customer 141,199900,INR,2026-09-01T19:09:37.510076+00:00,mandate_034,9,BAD_REQUEST,DEEMED_APPROVAL_FAILED at issuer end,,,,False,False,False,downtime
EVT_0142,failed_payment,merchant_004,Hotstar,cust_096,+918454770940,Customer 142,49900,INR,2026-09-01T19:09:37.510076+00:00,mandate_008,8,BAD_REQUEST,Customer bank not responding to debit request,,,,False,False,False,funds
EVT_0143,failed_payment,merchant_004,EMI Card,cust_047,+917387847884,Customer 143,49900,INR,2026-09-01T19:09:37.510076+00:00,mandate_026,1,BAD_REQUEST,DEEMED_APPROVAL_FAILED at issuer end,,,,False,False,False,downtime
EVT_0144,failed_payment,merchant_004,Hotstar,cust_087,+919887681752,Customer 144,499900,INR,2026-09-01T19:09:37.510076+00:00,mandate_017,10,BAD_REQUEST,UPI txn failed due to 05 error at NPCI,,,,False,False,False,downtime
EVT_0145,failed_payment,merchant_002,GymFlex,cust_004,+919660933507,Customer 145,99900,INR,2026-09-01T19:09:37.510076+00:00,mandate_036,6,BAD_REQUEST,UPI txn failed due to 05 error at NPCI,,,,False,False,False,limit
EVT_0146,failed_payment,merchant_004,Hotstar,cust_084,+918753617371,Customer 146,49900,INR,2026-09-01T19:09:37.510076+00:00,mandate_008,3,BAD_REQUEST,UPI txn failed due to 05 error at NPCI,,,,False,False,False,funds
EVT_0147,failed_payment,merchant_004,Netflix India,cust_013,+918008458444,Customer 147,19900,INR,2026-09-01T19:09:37.510076+00:00,mandate_035,3,BAD_REQUEST,Customer bank not responding to debit request,,,,False,False,False,downtime
EVT_0148,failed_payment,merchant_005,GymFlex,cust_076,+917663670797,Customer 148,199900,INR,2026-09-01T19:09:37.510076+00:00,mandate_027,11,BAD_REQUEST,Customer bank not responding to debit request,,,,False,False,False,funds
EVT_0149,failed_payment,merchant_004,Hotstar,cust_005,+919964732879,Customer 149,199900,INR,2026-09-01T19:09:37.510076+00:00,mandate_024,4,BAD_REQUEST,RBI mandate validation failed,,,,False,False,False,downtime
EVT_0150,failed_payment,merchant_003,Netflix India,cust_088,+918577691630,Customer 150,199900,INR,2026-09-01T19:09:37.510076+00:00,mandate_035,11,BAD_REQUEST,DEEMED_APPROVAL_FAILED at issuer end,,,,False,False,False,downtime
